{"cameraMode":{"drawMode":0,"name":"Shaded","section":"Shading Mode"},"sceneLighting":false,"audioPlay":false,"sceneViewState":{"m_AlwaysRefresh":false,"showFog":true,"showSkybox":false,"showFlares":true,"showImageEffects":true,"showParticleSystems":true,"showVisualEffectGraphs":true,"m_FxEnabled":true},"in2DMode":false,"pivot":{"x":-2.980232238769531e-7,"y":0.9192325472831726,"z":-0.06328275799751282},"rotation":{"x":-0.006688147783279419,"y":0.2729991376399994,"z":0.002760264789685607,"w":0.9617441296577454},"size":1.4833672046661378,"orthographic":false}