{"cameraMode":{"drawMode":0,"name":"Shaded","section":"Shading Mode"},"sceneLighting":false,"audioPlay":false,"sceneViewState":{"m_AlwaysRefresh":false,"showFog":true,"showSkybox":false,"showFlares":true,"showImageEffects":true,"showParticleSystems":true,"showVisualEffectGraphs":true,"m_FxEnabled":true},"in2DMode":false,"pivot":{"x":0.055060841143131259,"y":0.020799066871404649,"z":0.7376625537872315},"rotation":{"x":0.0026874106843024494,"y":0.040186598896980289,"z":0.00010650893091224134,"w":-0.9992229342460632},"size":0.8660284876823425,"orthographic":false}